step,t,dt,Ts,Rd,mpp,m_dot,psat,sum_y_cond,sum_y_cond_raw,psat_over_P,eq_source,eq_exc_type,eq_exc_msg,psat_source,hvap_source,latent_source,L_v,q_g,q_l,q_diff,latent,energy_res,energy_sign,fallback_reason,finite_ok,Ts_eff,Tbub,guard_active,clamp_active,eps_bg,penalty_used,penalty_reason,n_penalty_residual,n_lambda_cap_ts,max_Ts_trial_minus_upper,ls_lambda,ls_clip_ts,ls_clip_mpp,ls_shrink_count,regime,regime_locked,sum_x_psat_over_P,Ts_upper,Ts_guard,Ts_hard
0,2e-05,2e-05,402.1919752271004,9.999775329767482e-05,0.0723170562030223,9.08722096049577e-09,1849.4186403749757,0.018252342860843578,0.018252342860843578,0.018252342860843578,computed,,,p2db,p2db,p2db,304653.36298261635,0.10848914828708077,-0.11868715273445055,0.012966525773235673,0.002768576827743597,-5.550187770096346e-08,q_g_in/q_l_in/q_diff_in > 0 => heat into interface; q_lat > 0 => latent heat leaving interface (evaporation),,,402.1919752271004,489.82493318617344,False,False,0.001,False,,0,0,nan,,0,0,0,evap,,0.018252342860843578,484.82493318617344,484.82493318617344,489.32493318617344
1,4e-05,2e-05,407.1693196149406,9.99957972388471e-05,0.06265864344506486,7.873255527264777e-09,2431.2808406001595,0.02399487629509163,0.02399487629509163,0.02399487629509163,computed,,,p2db,p2db,p2db,302388.86979939346,0.11989231869163774,-0.12832627221303283,0.010814815968737158,0.00238087798446109,-1.5537119019311263e-08,q_g_in/q_l_in/q_diff_in > 0 => heat into interface; q_lat > 0 => latent heat leaving interface (evaporation),,,407.1693196149406,489.82493318617344,False,False,0.001,False,,0,0,nan,,0,0,0,evap,,0.02399487629509163,484.82493318617344,484.82493318617344,489.32493318617344
2,6.000000000000001e-05,2e-05,411.02713385103885,9.999373051598337e-05,0.06592671789622802,8.283556934479756e-09,2991.8145623778096,0.029526914013104463,0.029526914013104463,0.029526914013104463,computed,,,p2db,p2db,p2db,300614.4954278424,0.1213059130555832,-0.12981945004269677,0.011003794005956231,0.0024902602250237793,-3.2061811079328595e-09,q_g_in/q_l_in/q_diff_in > 0 => heat into interface; q_lat > 0 => latent heat leaving interface (evaporation),,,411.02713385103885,489.82493318617344,False,False,0.001,False,,0,0,nan,,0,0,0,evap,,0.029526914013104463,484.82493318617344,484.82493318617344,489.32493318617344
3,8e-05,2e-05,414.21207421395985,9.999151924798203e-05,0.07028070913401664,8.830236448717593e-09,3540.4172829414424,0.03494120190418399,0.03494120190418399,0.03494120190418399,computed,,,p2db,p2db,p2db,299136.6211720731,0.12007405303339612,-0.12880080358486268,0.011368313045119505,0.0026415639255684287,-1.4319154820197078e-09,q_g_in/q_l_in/q_diff_in > 0 => heat into interface; q_lat > 0 => latent heat leaving interface (evaporation),,,414.21207421395985,489.82493318617344,False,False,0.001,False,,0,0,nan,,0,0,0,evap,,0.03494120190418399,484.82493318617344,484.82493318617344,489.32493318617344
4,0.0001,2e-05,416.96400085092273,9.99891569420492e-05,0.07483914809662982,9.402525340218872e-09,4086.331131643662,0.04032895269325104,0.04032895269325104,0.04032895269325104,computed,,,p2db,p2db,p2db,297850.01143762603,0.1182743689887242,-0.12721806913088538,0.01174437400725938,0.0028006746107913294,-7.456931192320604e-10,q_g_in/q_l_in/q_diff_in > 0 => heat into interface; q_lat > 0 => latent heat leaving interface (evaporation),,,416.96400085092273,489.82493318617344,False,False,0.001,False,,0,0,nan,,0,0,0,evap,,0.04032895269325104,484.82493318617344,484.82493318617344,489.32493318617344
5,0.00012,2e-05,419.4095170213177,9.99866439545467e-05,0.07938181841570091,9.972749038956856e-09,4634.388200685584,0.04573785542250761,0.04573785542250761,0.04573785542250761,computed,,,p2db,p2db,p2db,296698.99953684217,0.11646762769671652,-0.1256011376399157,0.012092551360182004,0.002959053398033278,-1.1981050457299247e-08,q_g_in/q_l_in/q_diff_in > 0 => heat into interface; q_lat > 0 => latent heat leaving interface (evaporation),,,419.4095170213177,489.82493318617344,False,False,0.001,False,,0,0,nan,,0,0,0,evap,,0.04573785542250761,484.82493318617344,484.82493318617344,489.32493318617344
6,0.00014000000000000001,2e-05,421.62433593405143,9.998398297956857e-05,0.0838337465433588,1.0531484819677501e-08,5187.377631054242,0.05119543677329624,0.05119543677329624,0.05119543677329624,computed,,,p2db,p2db,p2db,295650.24441016314,0.11479498155738513,-0.12408234419832295,0.012401173364583927,0.0031138017958434057,8.927802697209636e-09,q_g_in/q_l_in/q_diff_in > 0 => heat into interface; q_lat > 0 => latent heat leaving interface (evaporation),,,421.62433593405143,489.82493318617344,False,False,0.001,False,,0,0,nan,,0,0,0,evap,,0.05119543677329624,484.82493318617344,484.82493318617344,489.32493318617344
7,0.00016,2e-05,423.65759691985824,9.998117767328746e-05,0.08816437536909094,1.1074891876671358e-08,5746.978780095062,0.05671827071399024,0.05671827071399024,0.05671827071399024,computed,,,p2db,p2db,p2db,294682.0872955811,0.11327708370647052,-0.1226803412812219,0.012667004400640799,0.003263755398225983,-8.572336567588129e-09,q_g_in/q_l_in/q_diff_in > 0 => heat into interface; q_lat > 0 => latent heat leaving interface (evaporation),,,423.65759691985824,489.82493318617344,False,False,0.001,False,,0,0,nan,,0,0,0,evap,,0.05671827071399024,484.82493318617344,484.82493318617344,489.32493318617344
8,0.00018,2e-05,425.5430254363706,9.997823216755003e-05,0.09235896759039987,1.1601117889600697e-08,6314.173878685316,0.06231605110965029,0.06231605110965029,0.06231605110965029,computed,,,p2db,p2db,p2db,293779.66115416086,0.11190095034974396,-0.12138264561496329,0.012890061137301225,0.003408373305120685,-7.433038790374824e-09,q_g_in/q_l_in/q_diff_in > 0 => heat into interface; q_lat > 0 => latent heat leaving interface (evaporation),,,425.5430254363706,489.82493318617344,False,False,0.001,False,,0,0,nan,,0,0,0,evap,,0.06231605110965029,484.82493318617344,484.82493318617344,489.32493318617344
9,0.0002,2e-05,427.3047764797378,9.997515086045518e-05,0.09640964447623653,1.2109172938413449e-08,6889.474330138585,0.06799382511856487,0.06799382511856487,0.06799382511856487,computed,,,p2db,p2db,p2db,292932.3240226122,0.11064634772844745,-0.12017061250065725,0.0130716451267712,0.0035473868268330174,-6.472271618825076e-09,q_g_in/q_l_in/q_diff_in > 0 => heat into interface; q_lat > 0 => latent heat leaving interface (evaporation),,,427.3047764797378,489.82493318617344,False,False,0.001,False,,0,0,nan,,0,0,0,evap,,0.06799382511856487,484.82493318617344,484.82493318617344,489.32493318617344
10,0.00022,2e-05,428.96077581964903,9.997193830685792e-05,0.10031212043202624,1.259851913169464e-08,7473.066472836672,0.0737534317575788,0.0737534317575788,0.0737534317575788,computed,,,p2db,p2db,p2db,292132.18699610315,0.10949381307364078,-0.11902690528606516,0.013213756067689037,0.003680669488793389,-5.633528729013376e-09,q_g_in/q_l_in/q_diff_in > 0 => heat into interface; q_lat > 0 => latent heat leaving interface (evaporation),,,428.96077581964903,489.82493318617344,False,False,0.001,False,,0,0,nan,,0,0,0,evap,,0.0737534317575788,484.82493318617344,484.82493318617344,489.32493318617344
11,0.00024,2e-05,430.5247394347457,9.996859914614553e-05,0.10406445524941113,1.3068913755979911e-08,8064.91121187284,0.07959448518996141,0.07959448518996141,0.07959448518996141,computed,,,p2db,p2db,p2db,291373.2221626337,0.10842673057645026,-0.11793731806536331,0.013318768515063155,0.0038081859012792096,-4.875129104228715e-09,q_g_in/q_l_in/q_diff_in > 0 => heat into interface; q_lat > 0 => latent heat leaving interface (evaporation),,,430.5247394347457,489.82493318617344,False,False,0.001,False,,0,0,nan,,0,0,0,evap,,0.07959448518996141,484.82493318617344,484.82493318617344,489.32493318617344
12,0.00026000000000000003,2e-05,432.007448084122,9.996513804717299e-05,0.10766646523069737,1.3520335210605667e-08,8664.814956394515,0.08551507482254642,0.08551507482254642,0.08551507482254642,computed,,,p2db,p2db,p2db,290650.6983098765,0.10743151964465224,-0.1168908210636878,0.013389264234678323,0.003929966991179454,-4.175536689847437e-09,q_g_in/q_l_in/q_diff_in > 0 => heat into interface; q_lat > 0 => latent heat leaving interface (evaporation),,,432.007448084122,489.82493318617344,False,False,0.001,False,,0,0,nan,,0,0,0,evap,,0.08551507482254642,484.82493318617344,484.82493318617344,489.32493318617344
13,0.00028000000000000003,2e-05,433.41758125275487,9.996155966299066e-05,0.11111938278344673,1.3952940162034198e-08,9272.481960781102,0.09151228187299386,0.09151228187299386,0.09151228187299386,computed,,,p2db,p2db,p2db,289960.81103051646,0.10649728408481876,-0.11587911783000768,0.013427936175745513,0.004046095511127526,6.919429070516292e-09,q_g_in/q_l_in/q_diff_in > 0 => heat into interface; q_lat > 0 => latent heat leaving interface (evaporation),,,433.41758125275487,489.82493318617344,False,False,0.001,False,,0,0,nan,,0,0,0,evap,,0.09151228187299386,484.82493318617344,484.82493318617344,489.32493318617344
14,0.00030000000000000003,2e-05,434.7622656937671,9.995786859481156e-05,0.11442554098560995,1.4367023844699528e-08,9887.547581589815,0.09758250759032633,0.09758250759032633,0.09758250759032633,computed,,,p2db,p2db,p2db,289300.4397321421,0.10561524171916141,-0.11489599828792009,0.013437455166549426,0.004156693281012911,5.3167778348364725e-09,q_g_in/q_l_in/q_diff_in > 0 => heat into interface; q_lat > 0 => latent heat leaving interface (evaporation),,,434.7622656937671,489.82493318617344,False,False,0.001,False,,0,0,nan,,0,0,0,evap,,0.09758250759032633,484.82493318617344,484.82493318617344,489.32493318617344
15,0.00032,2e-05,436.047471345298,9.995406936011486e-05,0.1175882338741946,1.4763002435501886e-08,10509.61075544176,0.10372179378674325,0.10372179378674325,0.10372179378674325,computed,,,p2db,p2db,p2db,288666.9713941224,0.10477840916820537,-0.11393698865956788,0.013420498764393584,0.004261915172399404,4.100631674497368e-09,q_g_in/q_l_in/q_diff_in > 0 => heat into interface; q_lat > 0 => latent heat leaving interface (evaporation),,,436.047471345298,489.82493318617344,False,False,0.001,False,,0,0,nan,,0,0,0,evap,,0.10372179378674325,484.82493318617344,484.82493318617344,489.32493318617344
16,0.00034,2e-05,437.27827459210346,9.995016636825979e-05,0.12061146840225438,1.514138183383031e-08,11138.251263301863,0.10992599322281632,0.10992599322281632,0.10992599322281632,computed,,,p2db,p2db,p2db,288058.18412009784,0.10398115365536245,-0.1129988567608386,0.013379645984700933,0.004361939598228032,3.2809967572683396e-09,q_g_in/q_l_in/q_diff_in > 0 => heat into interface; q_lat > 0 => latent heat leaving interface (evaporation),,,437.27827459210346,489.82493318617344,False,False,0.001,False,,0,0,nan,,0,0,0,evap,,0.10992599322281632,484.82493318617344,484.82493318617344,489.32493318617344
17,0.00036,2e-05,438.45905255484706,9.994616390106361e-05,0.12349980509144808,1.5502737588234387e-08,11773.044508464822,0.11619091545487117,0.11619091545487117,0.11619091545487117,computed,,,p2db,p2db,p2db,287472.16108446015,0.10321890992528766,-0.112079306688485,0.013317361864319642,0.004456962424869516,2.6762527940288328e-09,q_g_in/q_l_in/q_diff_in > 0 => heat into interface; q_lat > 0 => latent heat leaving interface (evaporation),,,438.45905255484706,489.82493318617344,False,False,0.001,False,,0,0,nan,,0,0,0,evap,,0.11619091545487117,484.82493318617344,484.82493318617344,489.32493318617344
18,0.00038,2e-05,439.5936245066448,9.994206609820319e-05,0.12625820518474026,1.5847695648287568e-08,12413.571871743767,0.12251242903275368,0.12251242903275368,0.12251242903275368,computed,,,p2db,p2db,p2db,286907.22806641494,0.1024879499727819,-0.11117673223172639,0.013235975802878917,0.004547191292655213,2.2512792203360776e-09,q_g_in/q_l_in/q_diff_in > 0 => heat into interface; q_lat > 0 => latent heat leaving interface (evaporation),,,439.5936245066448,489.82493318617344,False,False,0.001,False,,0,0,nan,,0,0,0,evap,,0.12251242903275368,484.82493318617344,484.82493318617344,489.32493318617344
19,0.0004,2e-05,440.6853570477846,9.993787694678902e-05,0.12889190018711688,1.617691593634318e-08,13059.427975896095,0.12888653319413862,0.12888653319413862,0.12888653319413862,computed,,,p2db,p2db,p2db,286361.9071314555,0.10178520358192106,-0.11029002846487625,0.013137667680256763,0.004632840869337244,1.927964329850873e-09,q_g_in/q_l_in/q_diff_in > 0 => heat into interface; q_lat > 0 => latent heat leaving interface (evaporation),,,440.6853570477846,489.82493318617344,False,False,0.001,False,,0,0,nan,,0,0,0,evap,,0.12888653319413862,484.82493318617344,484.82493318617344,489.32493318617344
20,0.00042,2e-05,441.737243565901,9.993360027460537e-05,0.1314062791193824,1.6491078151768144e-08,13710.225563519354,0.13530940600561908,0.13530940600561908,0.13530940600561908,computed,,,p2db,p2db,p2db,285834.8817679937,0.1011081185130685,-0.10941844853562334,0.013024460517898141,0.0047141288314230265,1.6639202767357308e-09,q_g_in/q_l_in/q_diff_in > 0 => heat into interface; q_lat > 0 => latent heat leaving interface (evaporation),,,441.737243565901,489.82493318617344,False,False,0.001,False,,0,0,nan,,0,0,0,evap,,0.13530940600561908,484.82493318617344,484.82493318617344,489.32493318617344
21,0.00044,2e-05,442.75196531652807,9.992923974641785e-05,0.13380679537567716,1.6790870044210186e-08,14365.59862005667,0.14177743518437375,0.14177743518437375,0.14177743518437375,computed,,,p2db,p2db,p2db,285324.9701967293,0.10045455242692704,-0.10856149670145993,0.012898218324708687,0.004791272613040081,1.437135718589111e-09,q_g_in/q_l_in/q_diff_in > 0 => heat into interface; q_lat > 0 => latent heat leaving interface (evaporation),,,442.75196531652807,489.82493318617344,False,False,0.001,False,,0,0,nan,,0,0,0,evap,,0.14177743518437375,484.82493318617344,484.82493318617344,489.32493318617344
22,0.00046,2e-05,443.7319388507117,9.992479886293739e-05,0.13609888719534646,1.707697740336892e-08,15025.204001825017,0.14828723416555656,0.14828723416555656,0.14828723416555656,computed,,,p2db,p2db,p2db,284831.10475429305,0.09982268681141089,-0.10771884654691502,0.012760647642892807,0.004864486688367946,1.2190207307125056e-09,q_g_in/q_l_in/q_diff_in > 0 => heat into interface; q_lat > 0 => latent heat leaving interface (evaporation),,,443.7319388507117,489.82493318617344,False,False,0.001,False,,0,0,nan,,0,0,0,evap,,0.14828723416555656,484.82493318617344,484.82493318617344,489.32493318617344
23,0.00048,2e-05,444.67935435859414,9.992028096152642e-05,0.13828792683824456,1.735007765747262e-08,15688.722621453995,0.15483565380166786,0.15483565380166786,0.15483565380166786,computed,,,p2db,p2db,p2db,284352.31524717313,0.09921096765912459,-0.10689028880698269,0.012613303041568406,0.0049339809018376455,9.91872656924686e-10,q_g_in/q_l_in/q_diff_in > 0 => heat into interface; q_lat > 0 => latent heat leaving interface (evaporation),,,444.67935435859414,489.82493318617344,False,False,0.001,False,,0,0,nan,,0,0,0,evap,,0.15483565380166786,484.82493318617344,484.82493318617344,489.32493318617344
24,0.0005,2e-05,445.5962011851379,9.99156892284342e-05,0.14037887051472397,1.7610795940118982e-08,16355.85598724155,0.16141974820865088,0.16141974820865088,0.16141974820865088,computed,,,p2db,p2db,p2db,283887.7183175013,0.09861802218877436,-0.10607564169190771,0.012457572457347752,0.00499994820152589,4.7526885083720716e-09,q_g_in/q_l_in/q_diff_in > 0 => heat into interface; q_lat > 0 => latent heat leaving interface (evaporation),,,445.5962011851379,489.82493318617344,False,False,0.001,False,,0,0,nan,,0,0,0,evap,,0.16141974820865088,484.82493318617344,484.82493318617344,489.32493318617344
25,0.0005200000000000001,2e-05,446.48430813636736,9.991102667466099e-05,0.1423773751981866,1.785984517680526e-08,17026.337116349172,0.16803688247075424,0.16803688247075424,0.16803688247075424,computed,,,p2db,p2db,p2db,283436.498931706,0.09804272265958305,-0.1052748814821691,0.01229476296308992,0.005062604469024374,-3.2852049813153483e-10,q_g_in/q_l_in/q_diff_in > 0 => heat into interface; q_lat > 0 => latent heat leaving interface (evaporation),,,446.48430813636736,489.82493318617344,False,False,0.001,False,,0,0,nan,,0,0,0,evap,,0.16803688247075424,484.82493318617344,484.82493318617344,489.32493318617344
26,0.0005400000000000001,2e-05,447.3453444058988,9.99062961672519e-05,0.14428810360552086,1.809781343035706e-08,17699.915723940358,0.1746845864686934,0.1746845864686934,0.1746845864686934,computed,,,p2db,p2db,p2db,282997.91151585773,0.09748401598203507,-0.10448789673205736,0.01212600473773699,0.005122128429195257,-4.441480550530785e-09,q_g_in/q_l_in/q_diff_in > 0 => heat into interface; q_lat > 0 => latent heat leaving interface (evaporation),,,447.3453444058988,489.82493318617344,False,False,0.001,False,,0,0,nan,,0,0,0,evap,,0.1746845864686934,484.82493318617344,484.82493318617344,489.32493318617344
27,0.0005600000000000002,2e-05,448.18085158809356,9.990150041856137e-05,0.14611601475632666,1.8325325794051157e-08,18376.368330674508,0.1813606546328597,0.1813606546328597,0.1813606546328597,computed,,,p2db,p2db,p2db,282571.2650922413,0.09694101340824714,-0.10371465392625862,0.011952348088139476,0.005178707662407472,-9.227947399270686e-11,q_g_in/q_l_in/q_diff_in > 0 => heat into interface; q_lat > 0 => latent heat leaving interface (evaporation),,,448.18085158809356,489.82493318617344,False,False,0.001,False,,0,0,nan,,0,0,0,evap,,0.1813606546328597,484.82493318617344,484.82493318617344,489.32493318617344
28,0.0005800000000000002,2e-05,448.9922396436527,9.989664201670343e-05,0.14786510812546524,1.8542886879129136e-08,19055.48225192348,0.18806298792917325,0.18806298792917325,0.18806298792917325,computed,,,p2db,p2db,p2db,282155.92656410043,0.09641282705020603,-0.10295498659801924,0.011774653481517103,0.005232494348680489,-4.149766025599022e-10,q_g_in/q_l_in/q_diff_in > 0 => heat into interface; q_lat > 0 => latent heat leaving interface (evaporation),,,448.9922396436527,489.82493318617344,False,False,0.001,False,,0,0,nan,,0,0,0,evap,,0.18806298792917325,484.82493318617344,484.82493318617344,489.32493318617344
29,0.0006000000000000003,2e-05,449.7808200482969,9.989172340832978e-05,0.14953988339686236,1.8751063892589023e-08,19737.070975767598,0.1947897456281036,0.1947897456281036,0.1947897456281036,computed,,,p2db,p2db,p2db,281751.3048580709,0.09589872852373064,-0.10220883011574124,0.011593757848160548,0.005283657008971347,-7.528213902957548e-10,q_g_in/q_l_in/q_diff_in > 0 => heat into interface; q_lat > 0 => latent heat leaving interface (evaporation),,,449.7808200482969,489.82493318617344,False,False,0.001,False,,0,0,nan,,0,0,0,evap,,0.1947897456281036,484.82493318617344,484.82493318617344,489.32493318617344
30,0.0006200000000000003,2e-05,450.5478060618008,9.98867469116014e-05,0.15114441960930217,1.8950371140872872e-08,20420.964698979154,0.20153925190208888,0.20153925190208888,0.20153925190208888,computed,,,p2db,p2db,p2db,281356.85169493785,0.09539804027924297,-0.10147607832847577,0.011410384996627556,0.005332348052942271,-1.105547521584871e-09,q_g_in/q_l_in/q_diff_in > 0 => heat into interface; q_lat > 0 => latent heat leaving interface (evaporation),,,450.5478060618008,489.82493318617344,False,False,0.001,False,,0,0,nan,,0,0,0,evap,,0.20153925190208888,484.82493318617344,484.82493318617344,489.32493318617344
31,0.0006400000000000004,2e-05,451.29432325628426,9.988171472289654e-05,0.15268256951283177,1.9141294411245766e-08,21107.01003776886,0.20830999297082517,0.20830999297082517,0.20830999297082517,computed,,,p2db,p2db,p2db,280972.0570147599,0.09491013940893904,-0.10075660538825856,0.011225175308956925,0.005378710798528332,-1.4688909307641884e-09,q_g_in/q_l_in/q_diff_in > 0 => heat into interface; q_lat > 0 => latent heat leaving interface (evaporation),,,451.29432325628426,489.82493318617344,False,False,0.001,False,,0,0,nan,,0,0,0,evap,,0.20830999297082517,484.82493318617344,484.82493318617344,489.32493318617344
32,0.0006600000000000004,2e-05,452.02141770523565,9.987662892321184e-05,0.15415797129484618,1.9324292446602795e-08,21795.068842128818,0.2151006053997416,0.2151006053997416,0.2151006053997416,computed,,,p2db,p2db,p2db,280596.4454942584,0.09443445161573145,-0.1000502677773454,0.011038694327272586,0.005422880005003693,-1.8393450477993678e-09,q_g_in/q_l_in/q_diff_in > 0 => heat into interface; q_lat > 0 => latent heat leaving interface (evaporation),,,452.02141770523565,489.82493318617344,False,False,0.001,False,,0,0,nan,,0,0,0,evap,,0.2151006053997416,484.82493318617344,484.82493318617344,489.32493318617344
33,0.0006800000000000005,2e-05,452.7300631200965,9.987149148438338e-05,0.1555740561529975,1.949979790005347e-08,22485.016987963085,0.2219098641792557,0.2219098641792557,0.2219098641792557,computed,,,p2db,p2db,p2db,280229.57351578085,0.09397044509053634,-0.09935690536032075,0.010851440304067055,0.005464982248565658,-2.214283015625207e-09,q_g_in/q_l_in/q_diff_in > 0 => heat into interface; q_lat > 0 => latent heat leaving interface (evaporation),,,452.7300631200965,489.82493318617344,False,False,0.001,False,,0,0,nan,,0,0,0,evap,,0.2219098641792557,484.82493318617344,484.82493318617344,489.32493318617344
34,0.0007000000000000005,2e-05,453.42116715881457,9.986630427511359e-05,0.1569340561394499,1.9668218324038404e-08,23176.743216666386,0.2287366712723058,0.2287366712723058,0.2287366712723058,computed,,,p2db,p2db,p2db,279871.0264856058,0.09351762528211104,-0.09867634266338941,0.01066385108942221,0.005505136297411189,-2.5892673569463676e-09,q_g_in/q_l_in/q_diff_in > 0 => heat into interface; q_lat > 0 => latent heat leaving interface (evaporation),,,453.42116715881457,489.82493318617344,False,False,0.001,False,,0,0,nan,,0,0,0,evap,,0.2287366712723058,484.82493318617344,484.82493318617344,489.32493318617344
35,0.0007200000000000006,2e-05,454.09557704030254,9.98610690667803e-05,0.15824101262004223,1.982993723688417e-08,23870.148040075725,0.23558004480706365,0.23558004480706365,0.23558004480706365,computed,,,p2db,p2db,p2db,279520.41644336475,0.09307553054520654,-0.09800839042591734,0.010476310417225975,0.005543453498984014,-2.962468846623434e-09,q_g_in/q_l_in/q_diff_in > 0 => heat into interface; q_lat > 0 => latent heat leaving interface (evaporation),,,454.09557704030254,489.82493318617344,False,False,0.001,False,,0,0,nan,,0,0,0,evap,,0.23558004480706365,484.82493318617344,484.82493318617344,489.32493318617344
36,0.0007400000000000006,2e-05,454.7540845641665,9.985578753900013e-05,0.15949778523786795,1.9985315252778697e-08,24565.142715594782,0.2424391089621987,0.2424391089621987,0.2424391089621987,computed,,,p2db,p2db,p2db,279177.3799203556,0.09264372851336253,-0.09735284730263992,0.010289153634493458,0.005580038176106807,-3.330890740310677e-09,q_g_in/q_l_in/q_diff_in > 0 => heat into interface; q_lat > 0 => latent heat leaving interface (evaporation),,,454.7540845641665,489.82493318617344,False,False,0.001,False,,0,0,nan,,0,0,0,evap,,0.2424391089621987,484.82493318617344,484.82493318617344,489.32493318617344
37,0.0007600000000000007,2e-05,455.3974306166783,9.985046128493819e-05,0.16070706113615593,2.013469124430816e-08,25261.648293297414,0.24931308456252074,0.24931308456252074,0.24931308456252074,computed,,,p2db,p2db,p2db,278841.57601257134,0.09222181306201062,-0.09670950162792755,0.010102672897408616,0.005614988024003554,-3.692511865716064e-09,q_g_in/q_l_in/q_diff_in > 0 => heat into interface; q_lat > 0 => latent heat leaving interface (evaporation),,,455.3974306166783,489.82493318617344,False,False,0.001,False,,0,0,nan,,0,0,0,evap,,0.24931308456252074,484.82493318617344,484.82493318617344,489.32493318617344
38,0.0007800000000000007,2e-05,456.026309229108,9.984509181635419e-05,0.16187136424272197,2.0278383512665243e-08,25959.594733997674,0.2562012803750079,0.2562012803750079,0.2562012803750079,computed,,,p2db,p2db,p2db,278512.68464076915,0.09180940173754776,-0.09607813314747284,0.009917121866205742,0.005648394501916961,-4.04563629732152e-09,q_g_in/q_l_in/q_diff_in > 0 => heat into interface; q_lat > 0 => latent heat leaving interface (evaporation),,,456.026309229108,489.82493318617344,False,False,0.001,False,,0,0,nan,,0,0,0,evap,,0.2562012803750079,484.82493318617344,484.82493318617344,489.32493318617344
39,0.0008000000000000008,2e-05,456.64137124421455,9.983968056838225e-05,0.16299306449832765,2.0416690950698306e-08,26658.920096635138,0.26310308508892316,0.26310308508892316,0.26310308508892316,computed,,,p2db,p2db,p2db,278190.4049742796,0.09140613358357008,-0.09545851469664723,0.009732719940578073,0.005680343215822151,-4.388321230702763e-09,q_g_in/q_l_in/q_diff_in > 0 => heat into interface; q_lat > 0 => latent heat leaving interface (evaporation),,,456.64137124421455,489.82493318617344,False,False,0.001,False,,0,0,nan,,0,0,0,evap,,0.26310308508892316,484.82493318617344,484.82493318617344,489.32493318617344
40,0.0008200000000000008,2e-05,457.24322764313666,9.983422890405036e-05,0.16407438684973286,2.054989417628606e-08,27359.569798600794,0.2700179600157986,0.2700179600157986,0.2700179600157986,computed,,,p2db,p2db,p2db,277874.4539962484,0.09101166731691057,-0.09485041381253044,0.009549656043467934,0.005710914286522427,-4.738674361758066e-09,q_g_in/q_l_in/q_diff_in > 0 => heat into interface; q_lat > 0 => latent heat leaving interface (evaporation),,,457.24322764313666,489.82493318617344,False,False,0.001,False,,0,0,nan,,0,0,0,evap,,0.2700179600157986,484.82493318617344,484.82493318617344,489.32493318617344
41,0.0008400000000000009,2e-05,457.83245254302636,9.982873811853643e-05,0.16511742012082348,2.0678256650187106e-08,28061.495911247715,0.27694543213666634,0.27694543213666634,0.27694543213666634,computed,,,p2db,p2db,p2db,277564.5652092934,0.09062567952837755,-0.09425359399523504,0.009368092111638759,0.0057401827079666375,-5.063185371835532e-09,q_g_in/q_l_in/q_diff_in > 0 => heat into interface; q_lat > 0 => latent heat leaving interface (evaporation),,,457.83245254302636,489.82493318617344,False,False,0.001,False,,0,0,nan,,0,0,0,evap,,0.27694543213666634,484.82493318617344,484.82493318617344,489.32493318617344
42,0.000860000000000001,2e-05,458.4095859608934,9.982320944317829e-05,0.1661241253454926,2.0802025726187337e-08,28764.65655804797,0.2838850881623288,0.2838850881623288,0.2838850881623288,computed,,,p2db,p2db,p2db,277260.4874352742,0.09024786350842312,-0.09366781625917464,0.009188166060943522,0.005768218681164717,-5.370972715190714e-09,q_g_in/q_l_in/q_diff_in > 0 => heat into interface; q_lat > 0 => latent heat leaving interface (evaporation),,,458.4095859608934,489.82493318617344,False,False,0.001,False,,0,0,nan,,0,0,0,evap,,0.2838850881623288,484.82493318617344,484.82493318617344,489.32493318617344
43,0.000880000000000001,2e-05,458.97513631016096,9.98176440492438e-05,0.16709634379949237,2.0921433663242552e-08,29469.01533956139,0.29083656885824216,0.29083656885824216,0.29083656885824216,computed,,,p2db,p2db,p2db,276961.98373002,0.08987792793120192,-0.09309284022375724,0.009009994553056426,0.0057950879331668,-5.672665701755841e-09,q_g_in/q_l_in/q_diff_in > 0 => heat into interface; q_lat > 0 => latent heat leaving interface (evaporation),,,458.97513631016096,489.82493318617344,False,False,0.001,False,,0,0,nan,,0,0,0,evap,,0.29083656885824216,484.82493318617344,484.82493318617344,489.32493318617344
44,0.0009000000000000011,2e-05,459.5295826725516,9.981204305146379e-05,0.1680358048092442,2.103669860935758e-08,30174.54079864306,0.2977995637665241,0.2977995637665241,0.2977995637665241,computed,,,p2db,p2db,p2db,276668.8303936057,0.08951559563718718,-0.09252842504344444,0.008833675498516403,0.00582085202407871,-5.931819565922758e-09,q_g_in/q_l_in/q_diff_in > 0 => heat into interface; q_lat > 0 => latent heat leaving interface (evaporation),,,459.5295826725516,489.82493318617344,False,False,0.001,False,,0,0,nan,,0,0,0,evap,,0.2977995637665241,484.82493318617344,484.82493318617344,489.32493318617344
45,0.0009200000000000011,2e-05,460.07337690453755,9.980640751135605e-05,0.16894413271318515,2.114802547902436e-08,30881.205969188515,0.30477380675241567,0.30477380675241567,0.30477380675241567,computed,,,p2db,p2db,p2db,276380.81604744523,0.08916060286174944,-0.09197433052611348,0.00865929010903156,0.005845568620480819,-6.175813297391863e-09,q_g_in/q_l_in/q_diff_in > 0 => heat into interface; q_lat > 0 => latent heat leaving interface (evaporation),,,460.07337690453755,489.82493318617344,False,False,0.001,False,,0,0,nan,,0,0,0,evap,,0.30477380675241567,484.82493318617344,484.82493318617344,489.32493318617344
46,0.0009400000000000012,2e-05,460.6069455396808,9.98007384403359e-05,0.16982285386353838,2.125560683538916e-08,31588.987932320808,0.3117590716241876,0.3117590716241876,0.3117590716241876,computed,,,p2db,p2db,p2db,276097.7408008636,0.08881269821445291,-0.09143031779036097,0.008486904932511143,0.005869291767099646,-6.410496562400669e-09,q_g_in/q_l_in/q_diff_in > 0 => heat into interface; q_lat > 0 => latent heat leaving interface (evaporation),,,460.6069455396808,489.82493318617344,False,False,0.001,False,,0,0,nan,,0,0,0,evap,,0.3117590716241876,484.82493318617344,484.82493318617344,489.32493318617344
47,0.0009600000000000012,2e-05,461.1306915226803,9.97950368026419e-05,0.17067340266316072,2.1359623651300474e-08,32297.867396533886,0.3187551679894783,0.3187551679894783,0.3187551679894783,computed,,,p2db,p2db,p2db,275819.4154903232,0.08847164169853144,-0.09089614977219121,0.008316573560451927,0.0058920721220642016,-6.635272039277884e-09,q_g_in/q_l_in/q_diff_in > 0 => heat into interface; q_lat > 0 => latent heat leaving interface (evaporation),,,461.1306915226803,489.82493318617344,False,False,0.001,False,,0,0,nan,,0,0,0,evap,,0.3187551679894783,484.82493318617344,484.82493318617344,489.32493318617344
48,0.0009800000000000013,2e-05,461.6449956069267,9.97893035167651e-05,0.17149716682658694,2.1460250977789683e-08,33007.82804093215,0.3257619347735717,0.3257619347735717,0.3257619347735717,computed,,,p2db,p2db,p2db,275545.66094501875,0.08813720155943433,-0.09037158981782333,0.008148347067306418,0.005913958541269312,2.676481111393847e-10,q_g_in/q_l_in/q_diff_in > 0 => heat into interface; q_lat > 0 => latent heat leaving interface (evaporation),,,461.6449956069267,489.82493318617344,False,False,0.001,False,,0,0,nan,,0,0,0,evap,,0.3257619347735717,484.82493318617344,484.82493318617344,489.32493318617344
49,0.0010000000000000013,2e-05,462.1502187024989,9.978353946156102e-05,0.17229534783938072,2.155764048845678e-08,33718.85739139589,0.3327792488664781,0.3327792488664781,0.3327792488664781,computed,,,p2db,p2db,p2db,275276.3074375881,0.0878091643981483,-0.08985641131279822,0.007982240449826879,0.005934993288119872,2.4705709266575893e-10,q_g_in/q_l_in/q_diff_in > 0 => heat into interface; q_lat > 0 => latent heat leaving interface (evaporation),,,462.1502187024989,489.82493318617344,False,False,0.001,False,,0,0,nan,,0,0,0,evap,,0.3327792488664781,484.82493318617344,484.82493318617344,489.32493318617344
50,0.0010200000000000014,2e-05,462.6467022141239,9.977774547549603e-05,0.17306916653209997,2.1651946209094282e-08,34430.9451267827,0.3398070084064417,0.3398070084064417,0.3398070084064417,computed,,,p2db,p2db,p2db,275011.1937958799,0.08748731995492118,-0.08935038562964584,0.007818285042227166,0.005955219141033962,2.2646854183627774e-10,q_g_in/q_l_in/q_diff_in > 0 => heat into interface; q_lat > 0 => latent heat leaving interface (evaporation),,,462.6467022141239,489.82493318617344,False,False,0.001,False,,0,0,nan,,0,0,0,evap,,0.3398070084064417,484.82493318617344,484.82493318617344,489.32493318617344
51,0.0010400000000000014,2e-05,463.13476973779825,9.977192235964982e-05,0.17381975120761417,2.17433105214666e-08,35144.08340784272,0.34684513602608164,0.34684513602608164,0.34684513602608164,computed,,,p2db,p2db,p2db,274750.16697967594,0.08717146817488393,-0.08885328897494915,0.007656496556510666,0.005974675550618086,2.058273568944502e-10,q_g_in/q_l_in/q_diff_in > 0 => heat into interface; q_lat > 0 => latent heat leaving interface (evaporation),,,463.13476973779825,489.82493318617344,False,False,0.001,False,,0,0,nan,,0,0,0,evap,,0.34684513602608164,484.82493318617344,484.82493318617344,489.32493318617344
52,0.0010600000000000015,2e-05,463.6147281837194,9.97660708798902e-05,0.17454816267848958,2.1831867300902337e-08,35858.26658651362,0.35389357598335675,0.35389357598335675,0.35389357598335675,computed,,,p2db,p2db,p2db,274493.0818919086,0.08686141777350631,-0.08836490185656211,0.007496883795494881,0.005993399526790351,1.8564873249804492e-10,q_g_in/q_l_in/q_diff_in > 0 => heat into interface; q_lat > 0 => latent heat leaving interface (evaporation),,,463.6147281837194,489.82493318617344,False,False,0.001,False,,0,0,nan,,0,0,0,evap,,0.35389357598335675,484.82493318617344,484.82493318617344,489.32493318617344
53,0.0010800000000000015,2e-05,464.08686884853495,9.976019176884866e-05,0.17525540050972294,2.1917742701291924e-08,36573.49098980101,0.3609522920286307,0.3609522920286307,0.3609522920286307,computed,,,p2db,p2db,p2db,274239.80043696286,0.08655698566647309,-0.08788500924474445,0.00733944960159846,0.006011425857732486,1.6559461527704267e-10,q_g_in/q_l_in/q_diff_in > 0 => heat into interface; q_lat > 0 => latent heat leaving interface (evaporation),,,464.08686884853495,489.82493318617344,False,False,0.001,False,,0,0,nan,,0,0,0,evap,,0.3609522920286307,484.82493318617344,484.82493318617344,489.32493318617344
54,0.0011000000000000016,2e-05,464.5514684062112,9.975428572775924e-05,0.17594240734391228,2.200105569984479e-08,37289.7547235226,0.36802126546777797,0.36802126546777797,0.36802126546777797,computed,,,p2db,p2db,p2db,273990.191308065,0.08625799651258592,-0.08741340072380092,0.00718419163325268,0.0060287872761971275,1.4584054970623317e-10,q_g_in/q_l_in/q_diff_in > 0 => heat into interface; q_lat > 0 => latent heat leaving interface (evaporation),,,464.5514684062112,489.82493318617344,False,False,0.001,False,,0,0,nan,,0,0,0,evap,,0.36802126546777797,484.82493318617344,484.82493318617344,489.32493318617344
55,0.0011200000000000016,2e-05,465.00878982443805,9.974835342817841e-05,0.1766100726935434,2.2081918574923255e-08,38007.057493834036,0.37510049340078,0.37510049340078,0.37510049340078,computed,,,p2db,p2db,p2db,273744.12952959427,0.08596428228974148,-0.08694987060375094,0.007031103040939441,0.006045514600120831,1.2680915779245128e-10,q_g_in/q_l_in/q_diff_in > 0 => heat into interface; q_lat > 0 => latent heat leaving interface (evaporation),,,465.00878982443805,489.82493318617344,False,False,0.001,False,,0,0,nan,,0,0,0,evap,,0.37510049340078,484.82493318617344,484.82493318617344,489.32493318617344
56,0.0011400000000000017,2e-05,465.4590832129715,9.974239551359573e-05,0.17725923639959443,2.216043734190127e-08,38725.40044487301,0.3821899871193981,0.3821899871193981,0.3821899871193981,computed,,,p2db,p2db,p2db,273501.4960763886,0.08567568190065869,-0.08649421799373028,0.0068801730627002745,0.006061636861598944,1.0802974400453413e-10,q_g_in/q_l_in/q_diff_in > 0 => heat into interface; q_lat > 0 => latent heat leaving interface (evaporation),,,465.4590832129715,489.82493318617344,False,False,0.001,False,,0,0,nan,,0,0,0,evap,,0.3821899871193981,484.82493318617344,484.82493318617344,489.32493318617344
57,0.0011600000000000017,2e-05,465.9025866121299,9.973641260094105e-05,0.17789069190694895,2.2236712165883885e-08,39444.786014992766,0.38928977068830756,0.38928977068830756,0.38928977068830756,computed,,,p2db,p2db,p2db,273262.17751708644,0.08539204083439224,-0.08604624687424699,0.0067313875581730045,0.006077181428416676,8.990157923660647e-11,q_g_in/q_l_in/q_diff_in > 0 => heat into interface; q_lat > 0 => latent heat leaving interface (evaporation),,,465.9025866121299,489.82493318617344,False,False,0.001,False,,0,0,nan,,0,0,0,evap,,0.38928977068830756,484.82493318617344,484.82493318617344,489.32493318617344
58,0.0011800000000000018,2e-05,466.33952672055256,9.973040528199837e-05,0.1785051892191066,2.2310837734111863e-08,40165.217800497965,0.396399879600276,0.396399879600276,0.396399879600276,computed,,,p2db,p2db,p2db,273026.06568396144,0.08511321081304475,-0.08560576610093035,0.006584729477526821,0.0060921741136491046,7.59921205822911e-11,q_g_in/q_l_in/q_diff_in > 0 => heat into interface; q_lat > 0 => latent heat leaving interface (evaporation),,,466.33952672055256,489.82493318617344,False,False,0.001,False,,0,0,nan,,0,0,0,evap,,0.396399879600276,484.82493318617344,484.82493318617344,489.32493318617344
59,0.0012000000000000018,2e-05,466.7701195770781,9.97243741247322e-05,0.1791034376447619,2.238290360214538e-08,40886.700442045396,0.40352035965502486,0.40352035965502486,0.40352035965502486,computed,,,p2db,p2db,p2db,272793.0573761867,0.0848390495119656,-0.08517258943948923,0.006440179260255017,0.006106639277498015,5.523336735896445e-11,q_g_in/q_l_in/q_diff_in > 0 => heat into interface; q_lat > 0 => latent heat leaving interface (evaporation),,,466.7701195770781,489.82493318617344,False,False,0.001,False,,0,0,nan,,0,0,0,evap,,0.40352035965502486,484.82493318617344,484.82493318617344,489.32493318617344
60,0.001220000000000002,2e-05,467.194571185336,9.97183196745288e-05,0.1796861084865181,2.245299453261694e-08,41609.2395068519,0.4106512657967126,0.4106512657967126,0.4106512657967126,computed,,,p2db,p2db,p2db,272563.0540513567,0.08456942021239794,-0.08474653548901322,0.006297715240984661,0.006120599925609946,3.875943663245174e-11,q_g_in/q_l_in/q_diff_in > 0 => heat into interface; q_lat > 0 => latent heat leaving interface (evaporation),,,467.194571185336,489.82493318617344,False,False,0.001,False,,0,0,nan,,0,0,0,evap,,0.4106512657967126,484.82493318617344,484.82493318617344,489.32493318617344
61,0.001240000000000002,2e-05,467.6130781040842,9.971224245536348e-05,0.18025383735217596,2.252119078662946e-08,42332.84139729429,0.4177926612118854,0.4177926612118854,0.4177926612118854,computed,,,p2db,p2db,p2db,272335.96158302657,0.08430419157822502,-0.08432742769875125,0.0061573139380800114,0.006134077794827084,2.272670333175464e-11,q_g_in/q_l_in/q_diff_in > 0 => heat into interface; q_lat > 0 => latent heat leaving interface (evaporation),,,467.6130781040842,489.82493318617344,False,False,0.001,False,,0,0,nan,,0,0,0,evap,,0.4177926612118854,484.82493318617344,484.82493318617344,489.32493318617344
62,0.001260000000000002,2e-05,468.0258279909988,9.970614297089563e-05,0.1808072264266584,2.2587568410065516e-08,43057.513258806335,0.42494461642049186,0.42494461642049186,0.42494461642049186,computed,,,p2db,p2db,p2db,272111.6899997419,0.08404323737568746,-0.08391509429289834,0.00601895036101015,0.006147093436134132,7.665138489210133e-12,q_g_in/q_l_in/q_diff_in > 0 => heat into interface; q_lat > 0 => latent heat leaving interface (evaporation),,,468.0258279909988,489.82493318617344,False,False,0.001,False,,0,0,nan,,0,0,0,evap,,0.42494461642049186,484.82493318617344,484.82493318617344,489.32493318617344
63,0.001280000000000002,2e-05,468.43300011160056,9.970002170549703e-05,0.18134684655373348,2.2652199495965687e-08,43783.26290031246,0.43210720849062384,0.43210720849062384,0.43210720849062384,computed,,,p2db,p2db,p2db,271890.153256411,0.08378643623172517,-0.08350936820854173,0.0058825982606598645,0.006159666290883155,-7.039843534506485e-12,q_g_in/q_l_in/q_diff_in > 0 => heat into interface; q_lat > 0 => latent heat leaving interface (evaporation),,,468.43300011160056,489.82493318617344,False,False,0.001,False,,0,0,nan,,0,0,0,evap,,0.43210720849062384,484.82493318617344,484.82493318617344,489.32493318617344
64,0.0013000000000000021,2e-05,468.8347658119916,9.969387912521822e-05,0.18187323916123635,2.271515242720155e-08,44510.098719136215,0.4392805202974213,0.4392805202974213,0.4392805202974213,computed,,,p2db,p2db,p2db,271671.2690174124,0.08353367140473643,-0.08311008702122667,0.005748230356282661,0.006171814761078102,-2.128568415277199e-11,q_g_in/q_l_in/q_diff_in > 0 => heat into interface; q_lat > 0 => latent heat leaving interface (evaporation),,,468.8347658119916,489.82493318617344,False,False,0.001,False,,0,0,nan,,0,0,0,evap,,0.4392805202974213,484.82493318617344,484.82493318617344,489.32493318617344
65,0.0013200000000000022,2e-05,469.2312889618323,9.968771567869716e-05,0.18238691808222984,2.2776492106004545e-08,45238.02963630319,0.4464646398845614,0.4464646398845614,0.4464646398845614,computed,,,p2db,p2db,p2db,271454.95845416223,0.08328483056744661,-0.08271709286093108,0.005615818534283162,0.006183556275642467,-3.484377977119868e-11,q_g_in/q_l_in/q_diff_in > 0 => heat into interface; q_lat > 0 => latent heat leaving interface (evaporation),,,469.2312889618323,489.82493318617344,False,False,0.001,False,,0,0,nan,,0,0,0,evap,,0.4464646398845614,484.82493318617344,484.82493318617344,489.32493318617344
66,0.0013400000000000022,2e-05,469.6227263664069,9.968153179801361e-05,0.18288837121653637,2.2836280163420052e-08,45967.06503524275,0.45365965985929185,0.45365965985929185,0.45365965985929185,computed,,,p2db,p2db,p2db,271241.14605642797,0.08303980560179791,-0.08233023232196192,0.005485334023259055,0.0061949073508398254,-4.774477774943664e-11,q_g_in/q_l_in/q_diff_in > 0 => heat into interface; q_lat > 0 => latent heat leaving interface (evaporation),,,469.6227263664069,489.82493318617344,False,False,0.001,False,,0,0,nan,,0,0,0,evap,,0.45365965985929185,484.82493318617344,484.82493318617344,489.32493318617344
67,0.0013600000000000023,2e-05,470.00922815217336,9.967532789949355e-05,0.18337806210182012,2.289457515733799e-08,46697.214707135514,0.4608656768530522,0.4608656768530522,0.4608656768530522,computed,,,p2db,p2db,p2db,271029.7594550378,0.08279849240488375,-0.08194935636723888,0.005356747549392888,0.006205883647210363,-6.017260127666457e-11,q_g_in/q_l_in/q_diff_in > 0 => heat into interface; q_lat > 0 => latent heat leaving interface (evaporation),,,470.00922815217336,489.82493318617344,False,False,0.001,False,,0,0,nan,,0,0,0,evap,,0.4608656768530522,484.82493318617344,484.82493318617344,489.32493318617344
68,0.0013800000000000023,2e-05,470.3909381276912,9.966910438446588e-05,0.18385643137583763,2.295143275681168e-08,47428.488802213134,0.4680827910408402,0.4680827910408402,0.4680827910408402,computed,,,p2db,p2db,p2db,270820.7292560277,0.08256079070655817,-0.08157432022835519,0.0052300294724350735,0.006216500022458782,-7.182072818412433e-11,q_g_in/q_l_in/q_diff_in > 0 => heat into interface; q_lat > 0 => latent heat leaving interface (evaporation),,,470.3909381276912,489.82493318617344,False,False,0.001,False,,0,0,nan,,0,0,0,evap,,0.4680827910408402,484.82493318617344,484.82493318617344,489.32493318617344
69,0.0014000000000000024,2e-05,470.7679941204529,9.966286163997559e-05,0.18432389813887118,2.3006905913800076e-08,48160.897783993096,0.4753111056895445,0.4753111056895445,0.4753111056895445,computed,,,p2db,p2db,p2db,270613.9888842257,0.08232660389405354,-0.08120498330209065,0.005105149907358819,0.006226770580608549,-8.128684444302925e-11,q_g_in/q_l_in/q_diff_in > 0 => heat into interface; q_lat > 0 => latent heat leaving interface (evaporation),,,470.7679941204529,489.82493318617344,False,False,0.001,False,,0,0,nan,,0,0,0,evap,,0.4753111056895445,484.82493318617344,484.82493318617344,489.32493318617344
70,0.0014200000000000024,2e-05,471.1405282934702,9.96566000394569e-05,0.18478086118653486,2.3061045018621836e-08,48894.45239009237,0.4825507267712052,0.4825507267712052,0.4825507267712052,computed,,,p2db,p2db,p2db,270409.474442698,0.08209583885176855,-0.0808412090488707,0.004982078820715494,0.006236708716615221,-9.3001874430787e-11,q_g_in/q_l_in/q_diff_in > 0 => heat into interface; q_lat > 0 => latent heat leaving interface (evaporation),,,471.1405282934702,489.82493318617344,False,False,0.001,False,,0,0,nan,,0,0,0,evap,,0.4825507267712052,484.82493318617344,484.82493318617344,489.32493318617344
71,0.0014400000000000025,2e-05,471.5086674394725,9.965031994336605e-05,0.1852277002363328,2.3113898054528065e-08,49629.16359200406,0.4898017625660405,0.4898017625660405,0.4898017625660405,computed,,,p2db,p2db,p2db,270207.12456805183,0.08186840579456955,-0.08048286487522215,0.004860786136103463,0.006246327160193756,-1.0474288450468272e-10,q_g_in/q_l_in/q_diff_in > 0 => heat into interface; q_lat > 0 => latent heat leaving interface (evaporation),,,471.5086674394725,489.82493318617344,False,False,0.001,False,,0,0,nan,,0,0,0,evap,,0.4898017625660405,484.82493318617344,484.82493318617344,489.32493318617344
72,0.0014600000000000025,2e-05,471.8725332609689,9.964402169977873e-05,0.18566477705027568,2.3165510739204594e-08,50365.04256688292,0.4970643233839913,0.4970643233839913,0.4970643233839913,computed,,,p2db,p2db,p2db,270006.8803054595,0.08164421814041851,-0.08012982204757009,0.004741241808506839,0.006255638016141578,-1.1478631413430751e-10,q_g_in/q_l_in/q_diff_in > 0 => heat into interface; q_lat > 0 => latent heat leaving interface (evaporation),,,471.8725332609689,489.82493318617344,False,False,0.001,False,,0,0,nan,,0,0,0,evap,,0.4970643233839913,484.82493318617344,484.82493318617344,489.32493318617344
73,0.0014800000000000026,2e-05,472.23224262856854,9.963770564495532e-05,0.18609243640391177,2.321592664702041e-08,51102.100663414596,0.5043385212278766,0.5043385212278766,0.5043385212278766,computed,,,p2db,p2db,p2db,269808.68486047536,0.08142319235162816,-0.07978195556613356,0.004623415889756459,0.00626465279621591,-1.209648466463098e-10,q_g_in/q_l_in/q_diff_in > 0 => heat into interface; q_lat > 0 => latent heat leaving interface (evaporation),,,472.23224262856854,489.82493318617344,False,False,0.001,False,,0,0,nan,,0,0,0,evap,,0.5043385212278766,484.82493318617344,484.82493318617344,489.32493318617344
74,0.0015000000000000026,2e-05,472.58790782605035,9.963137210387299e-05,0.18651100709169469,2.3265187335727233e-08,51840.34937581402,0.5116244695367779,0.5116244695367779,0.5116244695367779,computed,,,p2db,p2db,p2db,269612.48413505394,0.08120524781297955,-0.07943914406986613,0.0045072785940928825,0.006273382470073358,-1.328670524297637e-10,q_g_in/q_l_in/q_diff_in > 0 => heat into interface; q_lat > 0 => latent heat leaving interface (evaporation),,,472.58790782605035,489.82493318617344,False,False,0.001,False,,0,0,nan,,0,0,0,evap,,0.5116244695367779,484.82493318617344,484.82493318617344,489.32493318617344
75,0.0015200000000000027,2e-05,472.93963677877,9.962502139073063e-05,0.18692080280085152,2.3313332456673573e-08,52579.80031659791,0.5189222829173246,0.5189222829173246,0.5189222829173246,computed,,,p2db,p2db,p2db,269418.22531674634,0.08099030668737686,-0.079101269712496,0.004392800350531376,0.00628183746622936,-1.4081711664781782e-10,q_g_in/q_l_in/q_diff_in > 0 => heat into interface; q_lat > 0 => latent heat leaving interface (evaporation),,,472.93963677877,489.82493318617344,False,False,0.001,False,,0,0,nan,,0,0,0,evap,,0.5189222829173246,484.82493318617344,484.82493318617344,489.32493318617344
76,0.0015400000000000027,2e-05,473.28753327167084,9.961865380942304e-05,0.18732212300703033,2.3360399867659113e-08,53320.46519876332,0.5262320769678097,0.5262320769678097,0.5262320769678097,computed,,,p2db,p2db,p2db,269225.8580838001,0.08077829382747168,-0.07876821808869415,0.004279951846925801,0.006290027734169933,-1.484666070639129e-10,q_g_in/q_l_in/q_diff_in > 0 => heat into interface; q_lat > 0 => latent heat leaving interface (evaporation),,,473.28753327167084,489.82493318617344,False,False,0.001,False,,0,0,nan,,0,0,0,evap,,0.5262320769678097,484.82493318617344,484.82493318617344,489.32493318617344
77,0.0015600000000000028,2e-05,473.63169715034894,9.961226965399187e-05,0.1877152537130539,2.3406425726149657e-08,54062.35581151357,0.5335539680386239,0.5335539680386239,0.5335539680386239,computed,,,p2db,p2db,p2db,269035.33385705104,0.08056913663514079,-0.0784398781054475,0.0041687040700930655,0.006297962755541258,-1.5575490810298964e-10,q_g_in/q_l_in/q_diff_in > 0 => heat into interface; q_lat > 0 => latent heat leaving interface (evaporation),,,473.63169715034894,489.82493318617344,False,False,0.001,False,,0,0,nan,,0,0,0,evap,,0.5335539680386239,484.82493318617344,484.82493318617344,489.32493318617344
78,0.0015800000000000028,2e-05,473.972224512879,9.960586920905133e-05,0.18810046821930881,2.3451444586372433e-08,54805.484003558064,0.5408880730674371,0.5408880730674371,0.5408880730674371,computed,,,p2db,p2db,p2db,268846.60568230436,0.08036276496319057,-0.07811614189002654,0.004059028338785005,0.0063056515707355845,-1.5878654554407623e-10,q_g_in/q_l_in/q_diff_in > 0 => heat into interface; q_lat > 0 => latent heat leaving interface (evaporation),,,473.972224512879,489.82493318617344,False,False,0.001,False,,0,0,nan,,0,0,0,evap,,0.5408880730674371,484.82493318617344,484.82493318617344,489.32493318617344
79,0.001600000000000003,2e-05,474.3092078895323,9.95994527501911e-05,0.18847802780730186,2.349548948551951e-08,55549.861666142,0.5482345094117148,0.5482345094117148,0.5482345094117148,computed,,,p2db,p2db,p2db,268659.6289452975,0.0801591110167572,-0.0777969046951763,0.003950896331010751,0.006313102821866934,-1.692752908330486e-10,q_g_in/q_l_in/q_diff_in > 0 => heat into interface; q_lat > 0 => latent heat leaving interface (evaporation),,,474.3092078895323,489.82493318617344,False,False,0.001,False,,0,0,nan,,0,0,0,evap,,0.5482345094117148,484.82493318617344,484.82493318617344,489.32493318617344
80,0.001620000000000003,2e-05,474.64273641078734,9.959302054435859e-05,0.18884818237162904,2.3538592023461875e-08,56295.50071467493,0.5555933946674061,0.5555933946674061,0.5555933946674061,computed,,,p2db,p2db,p2db,268474.3596940969,0.07995810923315866,-0.07748206478077954,0.003844280110225202,0.00632032473766948,-1.7506516028498176e-10,q_g_in/q_l_in/q_diff_in > 0 => heat into interface; q_lat > 0 => latent heat leaving interface (evaporation),,,474.64273641078734,489.82493318617344,False,False,0.001,False,,0,0,nan,,0,0,0,evap,,0.5555933946674061,484.82493318617344,484.82493318617344,489.32493318617344
81,0.001640000000000003,2e-05,474.97289596987184,9.95865728502196e-05,0.18921117108331573,2.358078244631697e-08,57042.413081188766,0.5629648465945104,0.5629648465945104,0.5629648465945104,computed,,,p2db,p2db,p2db,268290.7561640158,0.0797596962271066,-0.07717152335443586,0.003739152140977389,0.006327325194343101,-1.8069497113859523e-10,q_g_in/q_l_in/q_diff_in > 0 => heat into interface; q_lat > 0 => latent heat leaving interface (evaporation),,,474.97289596987184,489.82493318617344,False,False,0.001,False,,0,0,nan,,0,0,0,evap,,0.5629648465945104,484.82493318617344,484.82493318617344,489.32493318617344
82,0.001660000000000003,2e-05,475.2997693715054,9.958010991850181e-05,0.18956722291442954,2.362208971267086e-08,57790.61069762907,0.5703489829521744,0.5703489829521744,0.5703489829521744,computed,,,p2db,p2db,p2db,268108.7779055154,0.07956381067012518,-0.07686518444926722,0.0036354853084764934,0.006334111715331347,-1.8599690104065258e-10,q_g_in/q_l_in/q_diff_in > 0 => heat into interface; q_lat > 0 => latent heat leaving interface (evaporation),,,475.2997693715054,489.82493318617344,False,False,0.001,False,,0,0,nan,,0,0,0,evap,,0.5703489829521744,484.82493318617344,484.82493318617344,489.32493318617344
83,0.001680000000000003,2e-05,475.62343647438934,9.957363199231916e-05,0.18991655719438377,2.3662541563701966e-08,58540.10548516349,0.5777459213931754,0.5777459213931754,0.5777459213931754,computed,,,p2db,p2db,p2db,267928.3858790777,0.07937039321759917,-0.07656295484382251,0.0035332529300692497,0.006340691494657858,-1.9081195044151622e-10,q_g_in/q_l_in/q_diff_in > 0 => heat into interface; q_lat > 0 => latent heat leaving interface (evaporation),,,475.62343647438934,489.82493318617344,False,False,0.001,False,,0,0,nan,,0,0,0,evap,,0.5777459213931754,484.82493318617344,484.82493318617344,489.32493318617344
84,0.0017000000000000032,2e-05,475.9439743256494,9.95671393074807e-05,0.1902593841170048,2.3702164587121475e-08,59290.9093442942,0.585155779366338,0.585155779366338,0.585155779366338,computed,,,p2db,p2db,p2db,267749.5423917146,0.07917938642690324,-0.07626474397323937,0.0034324287657132224,0.0063470714147285615,-1.9535147371269046e-10,q_g_in/q_l_in/q_diff_in > 0 => heat into interface; q_lat > 0 => latent heat leaving interface (evaporation),,,475.9439743256494,489.82493318617344,False,False,0.001,False,,0,0,nan,,0,0,0,evap,,0.585155779366338,484.82493318617344,484.82493318617344,489.32493318617344
85,0.0017200000000000032,2e-05,476.2614572878977,9.956063209278243e-05,0.190595905224642,2.374098427820795e-08,60043.034146022466,0.592578674029336,0.592578674029336,0.592578674029336,computed,,,p2db,p2db,p2db,267572.21103699604,0.07899073468082342,-0.07597046384320164,0.003332987026238725,0.006353258063289442,-1.994289334367183e-10,q_g_in/q_l_in/q_diff_in > 0 => heat into interface; q_lat > 0 => latent heat leaving interface (evaporation),,,476.2614572878977,489.82493318617344,False,False,0.001,False,,0,0,nan,,0,0,0,evap,,0.592578674029336,484.82493318617344,484.82493318617344,489.32493318617344
86,0.0017400000000000033,2e-05,476.57595715853523,9.955411057028534e-05,0.19092631383913936,2.3779025094180285e-08,60796.491721927,0.6000147221507722,0.6000147221507722,0.6000147221507722,computed,,,p2db,p2db,p2db,267396.3566396013,0.07880438411416404,-0.07568002894694294,0.0032349023779701187,0.006359257748569011,-2.0337778509904592e-10,q_g_in/q_l_in/q_diff_in > 0 => heat into interface; q_lat > 0 => latent heat leaving interface (evaporation),,,476.57595715853523,489.82493318617344,False,False,0.001,False,,0,0,nan,,0,0,0,evap,,0.6000147221507722,484.82493318617344,484.82493318617344,489.32493318617344
87,0.0017600000000000033,2e-05,476.88754328390667,9.954757495557854e-05,0.1912507955103744,2.381631051071872e-08,61551.29385821758,0.6074640400514935,0.6074640400514935,0.6074640400514935,computed,,,p2db,p2db,p2db,267221.945200685,0.07862028254369356,-0.07539335618339658,0.003138149947800463,0.00636507651488712,-2.0678967913023705e-10,q_g_in/q_l_in/q_diff_in > 0 => heat into interface; q_lat > 0 => latent heat leaving interface (evaporation),,,476.88754328390667,489.82493318617344,False,False,0.001,False,,0,0,nan,,0,0,0,evap,,0.6074640400514935,484.82493318617344,484.82493318617344,489.32493318617344
88,0.0017800000000000034,2e-05,477.1962826656699,9.954102545802992e-05,0.19156952839191504,2.385286306937022e-08,62307.45228644039,0.6149267435128586,0.6149267435128586,0.6149267435128586,computed,,,p2db,p2db,p2db,267048.94364554534,0.07843837939965827,-0.07511036477796088,0.0030427053240926734,0.006370720150987973,-2.0519790727702159e-10,q_g_in/q_l_in/q_diff_in > 0 => heat into interface; q_lat > 0 => latent heat leaving interface (evaporation),,,477.1962826656699,489.82493318617344,False,False,0.001,False,,0,0,nan,,0,0,0,evap,,0.6149267435128586,484.82493318617344,484.82493318617344,489.32493318617344
89,0.0018000000000000034,2e-05,477.5022400640131,9.953446228102325e-05,0.19188268364888275,2.388870442892843e-08,63064.97868103963,0.6224029477526734,0.6224029477526734,0.6224029477526734,computed,,,p2db,p2db,p2db,266877.320790318,0.07825862567408864,-0.07483097621633715,0.0029485445575390718,0.006376194228405958,-2.131153925208351e-10,q_g_in/q_l_in/q_diff_in > 0 => heat into interface; q_lat > 0 => latent heat leaving interface (evaporation),,,477.5022400640131,489.82493318617344,False,False,0.001,False,,0,0,nan,,0,0,0,evap,,0.6224029477526734,484.82493318617344,484.82493318617344,489.32493318617344
90,0.0018200000000000035,2e-05,477.8054780908411,9.952788562218489e-05,0.1921904257762584,2.3923855405628263e-08,63823.88464600205,0.6298927672933832,0.6298927672933832,0.6298927672933832,computed,,,p2db,p2db,p2db,266707.0452639316,0.07808097382693865,-0.07455511414128771,0.002855644163855835,0.006381504064103153,-2.1459637278981036e-10,q_g_in/q_l_in/q_diff_in > 0 => heat into interface; q_lat > 0 => latent heat leaving interface (evaporation),,,477.8054780908411,489.82493318617344,False,False,0.001,False,,0,0,nan,,0,0,0,evap,,0.6298927672933832,484.82493318617344,484.82493318617344,489.32493318617344
91,0.0018400000000000035,2e-05,478.106057303076,9.952129567359822e-05,0.19249291295075074,2.395833601748789e-08,64584.18171461625,0.6373963159596965,0.6373963159596965,0.6373963159596965,computed,,,p2db,p2db,p2db,266538.0875040569,0.07790537776208929,-0.07428270431065576,0.0027639811119967283,0.006386654781309638,-2.1787937339728947e-10,q_g_in/q_l_in/q_diff_in > 0 => heat into interface; q_lat > 0 => latent heat leaving interface (evaporation),,,478.106057303076,489.82493318617344,False,False,0.001,False,,0,0,nan,,0,0,0,evap,,0.6373963159596965,484.82493318617344,484.82493318617344,489.32493318617344
92,0.0018600000000000036,2e-05,478.4040362894244,9.951469262200655e-05,0.19279029740271938,2.3992165531112952e-08,65345.88134539586,0.6449137068383505,0.6449137068383505,0.6449137068383505,computed,,,p2db,p2db,p2db,266370.4186879219,0.0777317927650833,-0.07401367452358397,0.002673532836343668,0.0063916512978035404,-2.199605454375475e-10,q_g_in/q_l_in/q_diff_in > 0 => heat into interface; q_lat > 0 => latent heat leaving interface (evaporation),,,478.4040362894244,489.82493318617344,False,False,0.001,False,,0,0,nan,,0,0,0,evap,,0.6449137068383505,484.82493318617344,484.82493318617344,489.32493318617344
93,0.0018800000000000036,2e-05,478.6994717508097,9.950807664900717e-05,0.193082725653577,2.402536249172763e-08,66108.99491355463,0.6524450521939762,0.6524450521939762,0.6524450521939762,computed,,,p2db,p2db,p2db,266204.01068859774,0.07756017543770012,-0.07374795454165334,0.00258427722126482,0.006396498334060644,-2.1674904059076905e-10,q_g_in/q_l_in/q_diff_in > 0 => heat into interface; q_lat > 0 => latent heat leaving interface (evaporation),,,478.6994717508097,489.82493318617344,False,False,0.001,False,,0,0,nan,,0,0,0,evap,,0.6524450521939762,484.82493318617344,484.82493318617344,489.32493318617344
94,0.0019000000000000037,2e-05,478.9924185789621,9.950144793123532e-05,0.1933703388448233,2.405794476458357e-08,66873.53370873396,0.6599904634466712,0.6599904634466712,0.6599904634466712,computed,,,p2db,p2db,p2db,266038.8369046873,0.07739048365651445,-0.07348547603055641,0.002496192600674878,0.00640120044537587,-2.1874295517282372e-10,q_g_in/q_l_in/q_diff_in > 0 => heat into interface; q_lat > 0 => latent heat leaving interface (evaporation),,,478.9924185789621,489.82493318617344,False,False,0.001,False,,0,0,nan,,0,0,0,evap,,0.6599904634466712,484.82493318617344,484.82493318617344,489.32493318617344
95,0.0019200000000000037,2e-05,479.28292992800573,9.949480664053881e-05,0.19365327298897986,2.408992956662181e-08,67639.50892504473,0.6675500510737206,0.6675500510737206,0.6675500510737206,computed,,,p2db,p2db,p2db,265874.8711495666,0.07722267650567533,-0.07322617248247344,0.0024092577560042875,0.006405762004729501,-2.2552333091285792e-10,q_g_in/q_l_in/q_diff_in > 0 => heat into interface; q_lat > 0 => latent heat leaving interface (evaporation),,,479.28292992800573,489.82493318617344,False,False,0.001,False,,0,0,nan,,0,0,0,evap,,0.6675500510737206,484.82493318617344,484.82493318617344,489.32493318617344
96,0.0019400000000000038,2e-05,479.57105728610554,9.948815294414333e-05,0.1939316592669599,2.4121333503886167e-08,68406.93166110376,0.6751239246099557,0.6751239246099557,0.6751239246099557,computed,,,p2db,p2db,p2db,265712.08758723276,0.07705671424592456,-0.07296997916713804,0.002323451906934948,0.0064101872121548895,-2.2643342843103875e-10,q_g_in/q_l_in/q_diff_in > 0 => heat into interface; q_lat > 0 => latent heat leaving interface (evaporation),,,479.57105728610554,489.82493318617344,False,False,0.001,False,,0,0,nan,,0,0,0,evap,,0.6751239246099557,484.82493318617344,484.82493318617344,489.32493318617344
97,0.001960000000000004,2e-05,479.8568505420069,9.948148700480964e-05,0.1942056242771048,2.4152172602896898e-08,69175.81291618924,0.6827121926098124,0.6827121926098124,0.6827121926098124,computed,,,p2db,p2db,p2db,265550.4615981129,0.0768925582763084,-0.07271683307872617,0.002238754705255617,0.006414480124893096,-2.2205524571883295e-10,q_g_in/q_l_in/q_diff_in > 0 => heat into interface; q_lat > 0 => latent heat leaving interface (evaporation),,,479.8568505420069,489.82493318617344,False,False,0.001,False,,0,0,nan,,0,0,0,evap,,0.6827121926098124,484.82493318617344,484.82493318617344,489.32493318617344
98,0.001980000000000004,2e-05,480.1403580467471,9.947480898098173e-05,0.19447529027251204,2.4182462340543885e-08,69946.16358238786,0.6903149625698284,0.6903149625698284,0.6903149625698284,computed,,,p2db,p2db,p2db,265389.96999647404,0.07673017107316561,-0.0724666728622186,0.0021551462318789094,0.0064186446715776575,-2.2875173370101587e-10,q_g_in/q_l_in/q_diff_in > 0 => heat into interface; q_lat > 0 => latent heat leaving interface (evaporation),,,480.1403580467471,489.82493318617344,False,False,0.001,False,,0,0,nan,,0,0,0,evap,,0.6903149625698284,484.82493318617344,484.82493318617344,489.32493318617344
99,0.002000000000000004,2e-05,480.4216266720515,9.946811902692797e-05,0.19474077540093077,2.4212217674276083e-08,70717.99443607748,0.6979323408445841,0.6979323408445841,0.6979323408445841,computed,,,p2db,p2db,p2db,265230.5887118346,0.0765695161341117,-0.07221943874461957,0.002072606992252043,0.006422684605069697,-2.233255273417778e-10,q_g_in/q_l_in/q_diff_in > 0 => heat into interface; q_lat > 0 => latent heat leaving interface (evaporation),,,480.4216266720515,489.82493318617344,False,False,0.001,False,,0,0,nan,,0,0,0,evap,,0.6979323408445841,484.82493318617344,484.82493318617344,489.32493318617344
100,0.002020000000000004,2e-05,480.7007018702745,9.94614172928731e-05,0.1950021939668163,2.4241453075021193e-08,71491.31614171776,0.7055644326841131,0.7055644326841131,0.7055644326841131,computed,,,p2db,p2db,p2db,265072.2959739956,0.07641055798063925,-0.07197507251578553,0.0019911179001545266,0.006426603588987211,-2.2397895690917657e-10,q_g_in/q_l_in/q_diff_in > 0 => heat into interface; q_lat > 0 => latent heat leaving interface (evaporation),,,480.7007018702745,489.82493318617344,False,False,0.001,False,,0,0,nan,,0,0,0,evap,,0.7055644326841131,484.82493318617344,484.82493318617344,489.32493318617344
101,0.002040000000000004,2e-05,480.97762772402075,9.945470392512336e-05,0.1952596566182936,2.4270182550745785e-08,72266.13923495017,0.7132113420671125,0.7132113420671125,0.7132113420671125,computed,,,p2db,p2db,p2db,264915.06975478114,0.0762532620675045,-0.07173351743217954,0.0019106602827063455,0.006430405142854273,-2.248229614629227e-10,q_g_in/q_l_in/q_diff_in > 0 => heat into interface; q_lat > 0 => latent heat leaving interface (evaporation),,,480.97762772402075,489.82493318617344,False,False,0.001,False,,0,0,nan,,0,0,0,evap,,0.7132113420671125,484.82493318617344,484.82493318617344,489.32493318617344
102,0.002060000000000004,2e-05,481.2524469990059,9.94479790661829e-05,0.19551327062917742,2.4298419681809584e-08,73042.47412161292,0.7208731716912206,0.7208731716912206,0.7208731716912206,computed,,,p2db,p2db,p2db,264758.8891359023,0.07609759477207803,-0.07149471818442533,0.0018312158669835446,0.0064340926852974965,-2.3066125572068774e-10,q_g_in/q_l_in/q_diff_in > 0 => heat into interface; q_lat > 0 => latent heat leaving interface (evaporation),,,481.2524469990059,489.82493318617344,False,False,0.001,False,,0,0,nan,,0,0,0,evap,,0.7208731716912206,484.82493318617344,484.82493318617344,489.32493318617344
103,0.002080000000000004,2e-05,481.525201191192,9.944124285486316e-05,0.1957631400936368,2.432617764543603e-08,73820.33106764946,0.7285500228734217,0.7285500228734217,0.7285500228734217,computed,,,p2db,p2db,p2db,264603.73310264613,0.07594352334294878,-0.07125862083534093,0.0017527667743410383,0.006437669511917175,-2.2996828746846276e-10,q_g_in/q_l_in/q_diff_in > 0 => heat into interface; q_lat > 0 => latent heat leaving interface (evaporation),,,481.525201191192,489.82493318617344,False,False,0.001,False,,0,0,nan,,0,0,0,evap,,0.7285500228734217,484.82493318617344,484.82493318617344,489.32493318617344
104,0.002100000000000004,2e-05,481.79593057304396,9.943449542638354e-05,0.19600936617870787,2.4353469247349423e-08,74599.72019290608,0.7362419954888337,0.7362419954888337,0.7362419954888337,computed,,,p2db,p2db,p2db,264449.58171171683,0.07579101587568894,-0.07102517277801752,0.001675295511108642,0.006441138832640273,-2.2386021248516075e-10,q_g_in/q_l_in/q_diff_in > 0 => heat into interface; q_lat > 0 => latent heat leaving interface (evaporation),,,481.79593057304396,489.82493318617344,False,False,0.001,False,,0,0,nan,,0,0,0,evap,,0.7362419954888337,484.82493318617344,484.82493318617344,489.32493318617344
105,0.0021200000000000043,2e-05,482.0646742354002,9.942773691246431e-05,0.19625204736266424,2.438030695162863e-08,75380.65145846659,0.7439491878457102,0.7439491878457102,0.7439491878457102,computed,,,p2db,p2db,p2db,264296.41631823604,0.07564004125704152,-0.07079432266694902,0.0015987849659367045,0.006444503785808828,-2.2977962154530074e-10,q_g_in/q_l_in/q_diff_in > 0 => heat into interface; q_lat > 0 => latent heat leaving interface (evaporation),,,482.0646742354002,489.82493318617344,False,False,0.001,False,,0,0,nan,,0,0,0,evap,,0.7439491878457102,484.82493318617344,484.82493318617344,489.32493318617344
106,0.0021400000000000043,2e-05,482.331470125861,9.942096744141078e-05,0.1964912796817862,2.440670291157829e-08,76163.13464940556,0.7516716965152288,0.7516716965152288,0.7516716965152288,computed,,,p2db,p2db,p2db,264144.2173924355,0.07549056911378568,-0.07056602035322336,0.0015232184045752275,0.0064477673936922985,-2.285547489114248e-10,q_g_in/q_l_in/q_diff_in > 0 => heat into interface; q_lat > 0 => latent heat leaving interface (evaporation),,,482.331470125861,489.82493318617344,False,False,0.001,False,,0,0,nan,,0,0,0,evap,,0.7516716965152288,484.82493318617344,484.82493318617344,489.32493318617344
107,0.0021600000000000044,2e-05,482.59635508935384,9.941418713818801e-05,0.1967271570188481,2.4432669005753926e-08,76947.17936917947,0.7594096162761359,0.7594096162761359,0.7594096162761359,computed,,,p2db,p2db,p2db,263992.9669106099,0.07534256980787449,-0.0703402168590592,0.0014485794541190381,0.006450932630750877,-2.2781654774456372e-10,q_g_in/q_l_in/q_diff_in > 0 => heat into interface; q_lat > 0 => latent heat leaving interface (evaporation),,,482.59635508935384,489.82493318617344,False,False,0.001,False,,0,0,nan,,0,0,0,evap,,0.7594096162761359,484.82493318617344,484.82493318617344,489.32493318617344
108,0.0021800000000000044,2e-05,482.85936490057145,9.940739612448515e-05,0.19695977138846663,2.4458216873565036e-08,77732.79501519036,0.7671630398735787,0.7671630398735787,0.7671630398735787,computed,,,p2db,p2db,p2db,263842.64688567567,0.0751960143628646,-0.07011686429259953,0.0013748521070485766,0.006454002397687019,-2.2037336625674309e-10,q_g_in/q_l_in/q_diff_in > 0 => heat into interface; q_lat > 0 => latent heat leaving interface (evaporation),,,482.85936490057145,489.82493318617344,False,False,0.001,False,,0,0,nan,,0,0,0,evap,,0.7671630398735787,484.82493318617344,484.82493318617344,489.32493318617344
109,0.0022000000000000045,2e-05,483.12053429760465,9.940059451876984e-05,0.19718921324947403,2.4483357954201752e-08,78519.99076225072,0.7749320578559162,0.7749320578559162,0.7749320578559162,computed,,,p2db,p2db,p2db,263693.2408169383,0.07505087443560492,-0.06989591580059823,0.0013020207068199672,0.00645697956758395,-2.2575729567014813e-10,q_g_in/q_l_in/q_diff_in > 0 => heat into interface; q_lat > 0 => latent heat leaving interface (evaporation),,,483.12053429760465,489.82493318617344,False,False,0.001,False,,0,0,nan,,0,0,0,evap,,0.7749320578559162,484.82493318617344,484.82493318617344,489.32493318617344
110,0.0022200000000000045,2e-05,483.3798970082859,9.939378243632843e-05,0.1974155718877964,2.4508103534277278e-08,79308.77552829722,0.7827167582363407,0.7827167582363407,0.7827167582363407,computed,,,p2db,p2db,p2db,263544.73123481905,0.07490712224459635,-0.06967732548197005,0.0012300699521222138,0.006459866938796677,-2.2404815936544198e-10,q_g_in/q_l_in/q_diff_in > 0 => heat into interface; q_lat > 0 => latent heat leaving interface (evaporation),,,483.3798970082859,489.82493318617344,False,False,0.001,False,,0,0,nan,,0,0,0,evap,,0.7827167582363407,484.82493318617344,484.82493318617344,489.32493318617344
111,0.0022400000000000046,2e-05,483.6374857798709,9.938695998929251e-05,0.19763893584389164,2.4532464800957177e-08,80099.15795376206,0.7905172262892876,0.7905172262892876,0.7905172262892876,computed,,,p2db,p2db,p2db,263397.1018889725,0.07476473055375384,-0.06946104834651148,0.001158984878906686,0.006462667302801273,-2.1665223434719216e-10,q_g_in/q_l_in/q_diff_in > 0 => heat into interface; q_lat > 0 => latent heat leaving interface (evaporation),,,483.6374857798709,489.82493318617344,False,False,0.001,False,,0,0,nan,,0,0,0,evap,,0.7905172262892876,484.82493318617344,484.82493318617344,489.32493318617344
112,0.0022600000000000046,2e-05,483.8933323996323,9.938012728664791e-05,0.1978593934001826,2.4556452902483638e-08,80891.14635663136,0.7983335441068973,0.7983335441068973,0.7983335441068973,computed,,,p2db,p2db,p2db,263250.33773749234,0.0746236725893889,-0.0692470402159987,0.001088750865216774,0.00646538346025475,-2.2164777565419902e-10,q_g_in/q_l_in/q_diff_in > 0 => heat into interface; q_lat > 0 => latent heat leaving interface (evaporation),,,483.8933323996323,489.82493318617344,False,False,0.001,False,,0,0,nan,,0,0,0,evap,,0.7983335441068973,484.82493318617344,484.82493318617344,489.32493318617344
113,0.0022800000000000047,2e-05,484.14746771222724,9.937328443422362e-05,0.19807703317740835,2.458007902215706e-08,81684.74867988213,0.8061657900802579,0.8061657900802579,0.8061657900802579,computed,,,p2db,p2db,p2db,263104.4224882517,0.0744839219623755,-0.06903525762324506,0.0010193536274940766,0.0064680181803530344,-2.1372852012507826e-10,q_g_in/q_l_in/q_diff_in > 0 => heat into interface; q_lat > 0 => latent heat leaving interface (evaporation),,,484.14746771222724,489.82493318617344,False,False,0.001,False,,0,0,nan,,0,0,0,evap,,0.8061657900802579,484.82493318617344,484.82493318617344,489.32493318617344
114,0.0023000000000000047,2e-05,484.3999216373536,9.936643153465463e-05,0.1982919448768627,2.4603354470345546e-08,82479.97244183255,0.8140140384094009,0.8140140384094009,0.8140140384094009,computed,,,p2db,p2db,p2db,262959.34203268087,0.07434545262811988,-0.06882565773876069,0.0009507792081934774,0.0064705743095063994,-2.1195372974097682e-10,q_g_in/q_l_in/q_diff_in > 0 => heat into interface; q_lat > 0 => latent heat leaving interface (evaporation),,,484.3999216373536,489.82493318617344,False,False,0.001,False,,0,0,nan,,0,0,0,evap,,0.8140140384094009,484.82493318617344,484.82493318617344,489.32493318617344
115,0.002320000000000005,2e-05,484.65072317477643,9.935956868731387e-05,0.19850422018208108,2.462629079618435e-08,83276.8246482621,0.8218783582359941,0.8218783582359941,0.8218783582359941,computed,,,p2db,p2db,p2db,262815.0819842738,0.07420823874998227,-0.06861819821141742,0.0008830139855231175,0.0064730547403889045,-2.1630093723079558e-10,q_g_in/q_l_in/q_diff_in > 0 => heat into interface; q_lat > 0 => latent heat leaving interface (evaporation),,,484.65072317477643,489.82493318617344,False,False,0.001,False,,0,0,nan,,0,0,0,evap,,0.8218783582359941,484.82493318617344,484.82493318617344,489.32493318617344
116,0.002340000000000005,2e-05,484.89990040754986,9.935269598820338e-05,0.19871395393177846,2.4648899932809054e-08,84075.31169875173,0.8297588127189907,0.8297588127189907,0.8297588127189907,computed,,,p2db,p2db,p2db,262671.6279248864,0.07407225461004203,-0.0684128370339787,0.0008160446667370896,0.006475462456108991,-2.1330856612294946e-10,q_g_in/q_l_in/q_diff_in > 0 => heat into interface; q_lat > 0 => latent heat leaving interface (evaporation),,,484.89990040754986,489.82493318617344,True,False,0.001,False,,0,0,nan,,0,0,0,evap,,0.8297588127189907,484.82493318617344,484.82493318617344,489.32493318617344
117,0.002360000000000005,2e-05,485.14748049611404,9.93458135297943e-05,0.19892124560307006,2.4671194380924926e-08,84875.43926316265,0.8376554578155703,0.8376554578155703,0.8376554578155703,computed,,,p2db,p2db,p2db,262528.9666476822,0.07393747447159818,-0.06820953236143705,0.0007498582875937322,0.006477800608948789,-2.111939260626694e-10,q_g_in/q_l_in/q_diff_in > 0 => heat into interface; q_lat > 0 => latent heat leaving interface (evaporation),,,485.14748049611404,489.82493318617344,True,False,0.001,False,,0,0,nan,,0,0,0,evap,,0.8376554578155703,484.82493318617344,484.82493318617344,489.32493318617344
118,0.002380000000000005,2e-05,485.3934896585956,9.933892140079799e-05,0.19912620129672146,2.469318745444369e-08,85677.21211122631,0.8455683405993221,0.8455683405993221,0.8455683405993221,computed,,,p2db,p2db,p2db,262387.08493467496,0.07380387238134051,-0.06800824225336756,0.0006844422238573713,0.0064800725545156495,-2.0268533032496983e-10,q_g_in/q_l_in/q_diff_in > 0 => heat into interface; q_lat > 0 => latent heat leaving interface (evaporation),,,485.3934896585956,489.82493318617344,True,False,0.001,False,,0,0,nan,,0,0,0,evap,,0.8455683405993221,484.82493318617344,484.82493318617344,489.32493318617344
119,0.002400000000000005,2e-05,485.63795313918615,9.933201968584591e-05,0.19932893637110688,2.4714893606301802e-08,86480.63389880722,0.8534974971508238,0.8534974971508238,0.8534974971508238,computed,,,p2db,p2db,p2db,262245.9710480554,0.07367142194399844,-0.06780892437002045,0.0006197841930211893,0.00648228197363772,-2.06638546551563e-10,q_g_in/q_l_in/q_diff_in > 0 => heat into interface; q_lat > 0 => latent heat leaving interface (evaporation),,,485.63795313918615,489.82493318617344,True,False,0.001,False,,0,0,nan,,0,0,0,evap,,0.8534974971508238,484.82493318617344,484.82493318617344,489.32493318617344
120,0.002420000000000005,2e-05,485.8808951522546,9.93251084650444e-05,0.19952957904957697,2.4736328874618153e-08,87285.7068674685,0.8614429495925833,0.8614429495925833,0.8614429495925833,computed,,,p2db,p2db,p2db,262105.61232293068,0.07354009598945906,-0.06761153553805914,0.000555872275053836,0.006484432929283237,-2.0282948411110002e-10,q_g_in/q_l_in/q_diff_in > 0 => heat into interface; q_lat > 0 => latent heat leaving interface (evaporation),,,485.8808951522546,489.82493318617344,True,False,0.001,False,,0,0,nan,,0,0,0,evap,,0.8614429495925833,484.82493318617344,484.82493318617344,489.32493318617344
121,0.002440000000000005,2e-05,486.12233880338573,9.931818781335572e-05,0.19972827542629815,2.4757511501736557e-08,88092.4314566834,0.8694047022618643,0.8694047022618643,0.8694047022618643,computed,,,p2db,p2db,p2db,261965.99742382363,0.07340986617789658,-0.06741603120844218,0.0004926949203407047,0.006486530083585513,-1.937904134038937e-10,q_g_in/q_l_in/q_diff_in > 0 => heat into interface; q_lat > 0 => latent heat leaving interface (evaporation),,,486.12233880338573,489.82493318617344,True,False,0.001,False,,0,0,nan,,0,0,0,evap,,0.8694047022618643,484.82493318617344,484.82493318617344,489.32493318617344
122,0.002460000000000005,2e-05,486.3623059643736,9.931125779973249e-05,0.19992519659204827,2.477846281536517e-08,88900.80574653442,0.8773827362105543,0.8773827362105543,0.8773827362105543,computed,,,p2db,p2db,p2db,261827.11639073113,0.07328070238174407,-0.06722236464143126,0.00043024099117796346,0.00648857892851732,-1.970265487219458e-10,q_g_in/q_l_in/q_diff_in > 0 => heat into interface; q_lat > 0 => latent heat leaving interface (evaporation),,,486.3623059643736,489.82493318617344,True,False,0.001,False,,0,0,nan,,0,0,0,evap,,0.8773827362105543,484.82493318617344,484.82493318617344,489.32493318617344
123,0.002480000000000005,2e-05,486.60081708911446,9.930431848589214e-05,0.20012054898192444,2.4799208508051794e-08,89710.82467749531,0.8853770015050118,0.8853770015050118,0.8853770015050118,computed,,,p2db,p2db,p2db,261688.95859260316,0.07315257182784848,-0.06703048575972347,0.0003684998078457751,0.006490586068224369,-1.9225357590635372e-10,q_g_in/q_l_in/q_diff_in > 0 => heat into interface; q_lat > 0 => latent heat leaving interface (evaporation),,,486.60081708911446,489.82493318617344,True,False,0.001,False,,0,0,nan,,0,0,0,evap,,0.8853770015050118,484.82493318617344,484.82493318617344,489.32493318617344
124,0.0025000000000000053,2e-05,486.83789094073876,9.929736992456022e-05,0.20031458972071325,2.48197805345369e-08,90522.47893390384,0.8933874062067984,0.8933874062067984,0.8933874062067984,computed,,,p2db,p2db,p2db,261551.51530231195,0.07302543789191772,-0.06684033950911535,0.0003074612060382756,0.006492559776448598,-1.8760795000849484e-10,q_g_in/q_l_in/q_diff_in > 0 => heat into interface; q_lat > 0 => latent heat leaving interface (evaporation),,,486.83789094073876,489.82493318617344,True,False,0.001,False,,0,0,nan,,0,0,0,evap,,0.8933874062067984,484.82493318617344,484.82493318617344,489.32493318617344
125,0.0025200000000000053,2e-05,487.0735441736946,9.929041215689458e-05,0.20050765017794472,2.484022002415301e-08,91335.7532788995,0.9014137999397928,0.9014137999397928,0.9014137999397928,computed,,,p2db,p2db,p2db,261414.77872933913,0.07289925821252065,-0.0666518633187323,0.0002471156538872157,0.006494510730173916,-1.824983480308573e-10,q_g_in/q_l_in/q_diff_in > 0 => heat into interface; q_lat > 0 => latent heat leaving interface (evaporation),,,487.0735441736946,489.82493318617344,True,False,0.001,False,,0,0,nan,,0,0,0,evap,,0.9014137999397928,484.82493318617344,484.82493318617344,489.32493318617344
126,0.0025400000000000054,2e-05,487.3077906896699,9.928344520862224e-05,0.20070017307784502,2.4860581869135205e-08,92150.62402943449,0.909455948970486,0.909455948970486,0.909455948970486,computed,,,p2db,p2db,p2db,261278.74242084014,0.0727739818207947,-0.06646498318678953,0.00018745440814559296,0.006496453212860574,-1.7070981694206067e-10,q_g_in/q_l_in/q_diff_in > 0 => heat into interface; q_lat > 0 => latent heat leaving interface (evaporation),,,487.3077906896699,489.82493318617344,True,False,0.001,False,,0,0,nan,,0,0,0,evap,,0.909455948970486,484.82493318617344,484.82493318617344,489.32493318617344
127,0.0025600000000000054,2e-05,487.5406406124385,9.927646908406833e-05,0.200892773198619,2.4880942229548216e-08,92967.05508219384,0.9175134969868625,0.9175134969868625,0.9175134969868625,computed,,,p2db,p2db,p2db,261143.40277170713,0.07264954452683503,-0.0662796073593383,0.00012846977180475764,0.006498407103558959,-1.6425747047243977e-10,q_g_in/q_l_in/q_diff_in > 0 => heat into interface; q_lat > 0 => latent heat leaving interface (evaporation),,,487.5406406124385,489.82493318617344,True,False,0.001,False,,0,0,nan,,0,0,0,evap,,0.9175134969868625,484.82493318617344,484.82493318617344,489.32493318617344
128,0.0025800000000000055,2e-05,487.7720985970707,9.926948375658857e-05,0.20108634090161293,2.490141133382371e-08,93784.99140701395,0.925585900883434,0.925585900883434,0.925585900883434,computed,,,p2db,p2db,p2db,261008.75864877115,0.07252586119445426,-0.0660956156790881,7.015552588271268e-05,0.00650040119590707,-1.5465820377841277e-10,q_g_in/q_l_in/q_diff_in > 0 => heat into interface; q_lat > 0 => latent heat leaving interface (evaporation),,,487.7720985970707,489.82493318617344,True,False,0.001,False,,0,0,nan,,0,0,0,evap,,0.925585900883434,484.82493318617344,484.82493318617344,489.32493318617344
129,0.0026000000000000055,2e-05,488.0021609239464,9.926248915256146e-05,0.20128222752784505,2.4922156401711754e-08,94604.34791389602,0.9336723208872048,0.9336723208872048,0.9336723208872048,computed,,,p2db,p2db,p2db,260874.8142145362,0.07240281224600856,-0.06591284081676681,1.2507652166372949e-05,0.006502479228194933,-1.467868092699942e-10,q_g_in/q_l_in/q_diff_in > 0 => heat into interface; q_lat > 0 => latent heat leaving interface (evaporation),,,488.0021609239464,489.82493318617344,True,False,0.001,False,,0,0,nan,,0,0,0,evap,,0.9336723208872048,484.82493318617344,484.82493318617344,489.32493318617344
130,0.0026200000000000056,2e-05,488.23081021377817,9.925548512312944e-05,0.2014825979546976,2.4943445235845498e-08,95424.9892650528,0.9417714213180637,0.9417714213180637,0.9417714213180637,computed,,,p2db,p2db,p2db,260741.58097278312,0.07228021857813897,-0.0657310331069487,-4.447432972125207e-05,0.006504711267108688,-1.2563966013401373e-10,q_g_in/q_l_in/q_diff_in > 0 => heat into interface; q_lat > 0 => latent heat leaving interface (evaporation),,,488.23081021377817,489.82493318617344,True,False,0.001,False,,0,0,nan,,0,0,0,evap,,0.9417714213180637,484.82493318617344,484.82493318617344,489.32493318617344
131,0.0026400000000000056,2e-05,488.45800514634357,9.92484713908765e-05,0.2016911517163758,2.4965735385005027e-08,96246.69066906239,0.9498809836571664,0.9498809836571664,0.9498809836571664,computed,,,p2db,p2db,p2db,260609.08506197,0.07215779162685917,-0.06554978986379359,-0.00010078479115077804,0.006507217068547182,-9.663237484497378e-11,q_g_in/q_l_in/q_diff_in > 0 => heat into interface; q_lat > 0 => latent heat leaving interface (evaporation),,,488.45800514634357,489.82493318617344,True,False,0.001,False,,0,0,nan,,0,0,0,evap,,0.9498809836571664,484.82493318617344,484.82493318617344,489.32493318617344
132,0.0026600000000000057,2e-05,488.6836586117064,9.924144744022943e-05,0.20191474178859387,2.498987430171486e-08,97069.05465238719,0.9579970851456915,0.9579970851456915,0.9579970851456915,computed,,,p2db,p2db,p2db,260477.3791046589,0.07203502447100119,-0.06536839961041503,-0.0001564064918651927,0.0065102184038561845,-3.513522372350364e-11,q_g_in/q_l_in/q_diff_in > 0 => heat into interface; q_lat > 0 => latent heat leaving interface (evaporation),,,488.6836586117064,489.82493318617344,True,False,0.001,False,,0,0,nan,,0,0,0,evap,,0.9579970851456915,484.82493318617344,484.82493318617344,489.32493318617344
133,0.0026800000000000057,2e-05,nan,nan,nan,nan,nan,nan,,,step_failed,,SNES diverged (reason=global_max_x),,,,nan,,,,,,,,False,nan,nan,,,,False,,0,0,nan,,0,0,0,,,,,,
